<NetDiagram id="0"><figures><node y="63" x="120" id="1"><a><fillColor><color rgba="#ffffcc66"/></fillColor><decoratorInsets><insets right="10" top="6" left="10" bottom="6" id="2"/></decoratorInsets><text><string>Router</string></text></a></node><node y="16" x="24" id="3"><a><fillColor><color rgba="#ff66ccff"/></fillColor><decoratorInsets><insets ref="2"/></decoratorInsets><text><string>Internet</string></text></a></node><node y="31" x="234" id="4"><a><decoratorInsets><insets ref="2"/></decoratorInsets><text><string>MacMini</string></text></a></node><node y="68" x="330" id="5"><a><decoratorInsets><insets ref="2"/></decoratorInsets><text><string>MacBook</string></text></a></node><node y="173" x="49" id="6"><a><decoratorInsets><insets ref="2"/></decoratorInsets><text><string>MacMini</string></text></a></node><node y="158" x="207" id="7"><a><decoratorInsets><insets ref="2"/></decoratorInsets><text><string>PowerMac</string></text></a></node><node y="195" x="128" id="8"><a><decoratorInsets><insets ref="2"/></decoratorInsets><text><string>PowerMac</string></text></a></node><node y="106" x="57" id="9"><a><fillColor><color rgba="#ffffcc66"/></fillColor><decoratorInsets><insets ref="2"/></decoratorInsets><text><string>Switch</string></text></a></node><link id="a"><points><p c2x="10" c1y="-22" y="38.2919921875" c2y="-22" c1x="10" x="224"/><p c2x="10" c1y="-24" y="70.2919921875" c2y="-24" c1x="10" x="170"/></points><startConnector><locConnect id="b"><owner><node ref="4"/></owner><locator><relativeLoc relativeX="0" id="c"/></locator></locConnect></startConnector><endConnector><locConnect id="d"><owner><node ref="1"/></owner><locator><relativeLoc relativeX="1" id="e"/></locator></locConnect></endConnector></link><link id="f"><points><p c2x="10" c1y="-24" y="57" c2y="-24" c1x="10" x="140"/><p c2x="-11" c1y="-16" y="36.583984375" c2y="-16" c1x="-11" x="49"/></points><startConnector><locConnect id="10"><owner><node ref="1"/></owner><locator><relativeLoc relativeY="0" id="11"/></locator></locConnect></startConnector><endConnector><locConnect id="12"><owner><node ref="3"/></owner><locator><relativeLoc relativeY="1" id="13"/></locator></locConnect></endConnector></link><link id="14"><points><p c2x="10" c1y="-24" y="83.583984375" c2y="-24" c1x="10" x="140"/><p c2x="25" c1y="-21" y="100" c2y="-21" c1x="25" x="77"/></points><startConnector><locConnect id="15"><owner><node ref="1"/></owner><locator><relativeLoc relativeY="1" id="16"/></locator></locConnect></startConnector><endConnector><locConnect id="17"><owner><node ref="9"/></owner><locator><relativeLoc relativeY="0" id="18"/></locator></locConnect></endConnector></link><link id="19"><points><p c2x="-4" c1y="-9" y="167" c2y="-9" c1x="-4" x="72.5"/><p c2x="24" c1y="-27" y="126.583984375" c2y="-27" c1x="24" x="77"/></points><startConnector><locConnect id="1a"><owner><node ref="6"/></owner><locator><relativeLoc relativeY="0" id="1b"/></locator></locConnect></startConnector><endConnector><locConnect id="1c"><owner><node ref="9"/></owner><locator><relativeLoc relativeY="1" id="1d"/></locator></locConnect></endConnector></link><link id="1e"><points><p c2x="13" c1y="-42" y="189" c2y="-42" c1x="13" x="157.5"/><p c2x="24" c1y="-27" y="126.583984375" c2y="-27" c1x="24" x="77"/></points><startConnector><locConnect id="1f"><owner><node ref="8"/></owner><locator><relativeLoc relativeY="0" id="20"/></locator></locConnect></startConnector><endConnector><locConnect ref="1c"/></endConnector></link><link id="21"><points><p c2x="3" c1y="-38" y="152" c2y="-38" c1x="3" x="236.5"/><p c2x="24" c1y="-27" y="126.583984375" c2y="-27" c1x="24" x="77"/></points><startConnector><locConnect id="22"><owner><node ref="7"/></owner><locator><relativeLoc relativeY="0" id="23"/></locator></locConnect></startConnector><endConnector><locConnect ref="1c"/></endConnector></link><link id="24"><points><p c2x="72" c1y="-77.416015625" y="75.2919921875" c2y="-77.416015625" c1x="72" x="320"/><p c2x="76" c1y="-30.83203125" y="70.2919921875" c2y="-30.83203125" c1x="76" x="170"/></points><startConnector><locConnect id="25"><owner><node ref="5"/></owner><locator><relativeLoc relativeX="0" id="26"/></locator></locConnect></startConnector><endConnector><locConnect ref="d"/></endConnector><a><strokeDashes><doubleArray><double>4</double><double>2</double></doubleArray></strokeDashes></a></link></figures></NetDiagram>