<JHotDraw&nbsp;7><drawing id="0"><figures><ta w="66" h="34" y="167" x="118" id="1"><a><fillColor><color rgba="#ffff8000"/></fillColor><fontBold><boolean>true</boolean></fontBold><text><string>Figure</string></text><textColor><color rgba="#ff000000"/></textColor><fontFace><font style="0" size="1" name="Optima-Regular"/></fontFace><fontSize><double>19</double></fontSize></a></ta><ta w="80" h="30" y="97" x="88" id="2"><a><fillColor><color rgba="#ffffcc66"/></fillColor><text><string>Drawing</string></text><fontFace><font style="0" size="1" name="Optima-Regular"/></fontFace><textColor><color rgba="#ff000000"/></textColor><fontSize><double>16</double></fontSize></a></ta><ta w="60" h="30" y="217" x="38" id="3"><a><fillColor><color rgba="#ffffcc66"/></fillColor><text><string>Tool</string></text><fontFace><font style="0" size="1" name="Optima-Regular"/></fontFace><textColor><color rgba="#ff000000"/></textColor><fontSize><double>16</double></fontSize></a></ta><ta w="70" h="30" y="147" x="8" id="4"><a><fillColor><color rgba="#ffffcc66"/></fillColor><text><string>Handle</string></text><textColor><color rgba="#ff000000"/></textColor><fontFace><font style="0" size="1" name="Optima-Regular"/></fontFace><fontSize><double>16</double></fontSize></a></ta><ta w="110" h="30" y="117" x="198" id="5"><a><fillColor><color rgba="#ffffcc66"/></fillColor><text><string>DrawingView</string></text><textColor><color rgba="#ff000000"/></textColor><fontFace><font style="0" size="1" name="Optima-Regular"/></fontFace><fontSize><double>16</double></fontSize></a></ta><ta w="120" h="30" y="217" x="188" id="6"><a><fillColor><color rgba="#ffffcc66"/></fillColor><text><string>DrawingEditor</string></text><textColor><color rgba="#ff000000"/></textColor><fontFace><font style="0" size="1" name="Optima-Regular"/></fontFace><fontSize><double>16</double></fontSize></a></ta><lnk id="7"><points><p y="177.17592592592592" x="117.5"/><p y="169.23148148148147" x="78.5"/></points><startConnector><rConnector id="8"><owner><ta ref="1"/></owner></rConnector></startConnector><endConnector><rConnector id="9"><owner><ta ref="4"/></owner></rConnector></endConnector><a><fillColor><color rgba="#ffff8000"/></fillColor><fontBold><boolean>true</boolean></fontBold><textColor><color rgba="#ff000000"/></textColor><fontFace><font style="0" size="1" name="Optima-Regular"/></fontFace></a></lnk><lnk id="a"><points><p y="166.921568627451" x="184.5"/><p y="147.5" x="222.59615384615387"/></points><startConnector><rConnector id="b"><owner><ta ref="1"/></owner></rConnector></startConnector><endConnector><rConnector id="c"><owner><ta ref="5"/></owner></rConnector></endConnector><a><fillColor><color rgba="#ffff8000"/></fillColor><fontBold><boolean>true</boolean></fontBold><textColor><color rgba="#ff000000"/></textColor><fontFace><font style="0" size="1" name="Optima-Regular"/></fontFace></a></lnk><lnk id="d"><points><p y="200.57731958762886" x="184.5"/><p y="216.5" x="216.67708333333334"/></points><startConnector><rConnector id="e"><owner><ta ref="1"/></owner></rConnector></startConnector><endConnector><rConnector id="f"><owner><ta ref="6"/></owner></rConnector></endConnector><a><fillColor><color rgba="#ffff8000"/></fillColor><fontBold><boolean>true</boolean></fontBold><textColor><color rgba="#ff000000"/></textColor><fontFace><font style="0" size="1" name="Optima-Regular"/></fontFace></a></lnk><lnk id="10"><points><p y="201.5" x="120.73958333333336"/><p y="216.5" x="94.80208333333334"/></points><startConnector><rConnector id="11"><owner><ta ref="1"/></owner></rConnector></startConnector><endConnector><rConnector id="12"><owner><ta ref="3"/></owner></rConnector></endConnector><a><fillColor><color rgba="#ffff8000"/></fillColor><fontBold><boolean>true</boolean></fontBold><textColor><color rgba="#ff000000"/></textColor><fontFace><font style="0" size="1" name="Optima-Regular"/></fontFace></a></lnk><lnk id="13"><points><p y="166.5" x="145.40972222222223"/><p y="127.5" x="132.95138888888889"/></points><startConnector><rConnector id="14"><owner><ta ref="1"/></owner></rConnector></startConnector><endConnector><rConnector id="15"><owner><ta ref="2"/></owner></rConnector></endConnector><a><fillColor><color rgba="#ffff8000"/></fillColor><fontBold><boolean>true</boolean></fontBold><textColor><color rgba="#ff000000"/></textColor><fontFace><font style="0" size="1" name="Optima-Regular"/></fontFace></a></lnk><r w="40" h="40" y="10" x="340" id="16"><a><fillColor><color rgba="#ffffffff"/></fillColor><fontBold><boolean>true</boolean></fontBold><strokeColor><color rgba="#ff000000"/></strokeColor><textColor><color rgba="#ff000000"/></textColor><fontFace><font style="0" size="1" name="Verdana"/></fontFace></a></r><rr arcHeight="20" w="40" h="40" arcWidth="20" y="60" x="340" id="17"><a><fillColor><color rgba="#ffffffff"/></fillColor><fontBold><boolean>true</boolean></fontBold><strokeColor><color rgba="#ff000000"/></strokeColor><textColor><color rgba="#ff000000"/></textColor><fontFace><font style="0" size="1" name="Verdana"/></fontFace><strokeDashes><doubleArray><double>4</double><double>2</double></doubleArray></strokeDashes></a></rr><e w="40" h="40" y="110" x="340" id="18"><a><fillColor><color rgba="#ffffffff"/></fillColor><fontBold><boolean>true</boolean></fontBold><strokeColor><color rgba="#ff000000"/></strokeColor><fontFace><font style="0" size="1" name="Verdana"/></fontFace></a></e><diamond w="40" h="40" y="160" x="340" id="19"><a><fillColor><color rgba="#ffffffff"/></fillColor><fontBold><boolean>true</boolean></fontBold><strokeColor><color rgba="#ff000000"/></strokeColor><innerStrokeWidthFactor><double>3</double></innerStrokeWidthFactor><textColor><color rgba="#ff000000"/></textColor><fontFace><font style="0" size="1" name="Verdana"/></fontFace><strokeType><enum type="strokeType">DOUBLE</enum></strokeType></a></diamond><b id="1a"><points><p c2x="380" y="220" mask="2" c2y="240" x="380"/><p c2x="340" c1y="250" y="250" mask="3" c2y="250" c1x="380" x="360"/><p c2x="340" c1y="240" y="230" mask="3" c2y="220" c1x="340" x="340"/><p c2x="370" c1y="210" y="210" mask="3" c2y="210" c1x="340" x="360"/><p c2x="370" c1y="220" y="230" mask="3" c2y="240" c1x="370" x="370"/><p y="240" x="360"/><p c2x="350" c1y="241" y="230" mask="3" c2y="224" c1x="350" x="350"/><p c1y="220" y="220" mask="1" c1x="350" x="360"/></points><a><fillColor><color rgba="#ffffffff"/></fillColor><fontBold><boolean>true</boolean></fontBold><strokeColor><color rgba="#ff000000"/></strokeColor><textColor><color rgba="#ff000000"/></textColor><fontFace><font style="0" size="1" name="Verdana"/></fontFace><startDecoration><arrowTip isSolid="true" innerRadius="11.3" angle="0.35" isStroked="false" isFilled="true" outerRadius="12" id="1b"/></startDecoration></a></b><g id="1c"><children><t y="10" x="10" id="1d"><a><text><string>Plasma</string></text><fontFace><font style="0" size="1" name="Impact"/></fontFace><textColor><color rgba="#ffff8000"/></textColor><fontSize><double>31</double></fontSize></a></t><t y="5" x="105" id="1e"><a><text><string>Draw</string></text><fontFace><font style="0" size="1" name="Impact"/></fontFace><textColor><color rgba="#ff800040"/></textColor><fontSize><double>36</double></fontSize></a></t><t y="21" x="182" id="1f"><a><text><string>spin off</string></text><textColor><color rgba="#ffff8000"/></textColor><fontFace><font style="0" size="1" name="Impact"/></fontFace><fontSize><double>19</double></fontSize></a></t></children></g><ta w="295" h="45" y="39" x="5" id="20"><a><fontBold><boolean>true</boolean></fontBold><fillColor><null/></fillColor><strokeColor><null/></strokeColor><text><string>JHotDraw&nbsp;7 stems from JHotDraw, a Framework for Vector Drawing Editors</string></text><textColor><color rgba="#ff000000"/></textColor><fontFace><font style="0" size="1" name="Optima-Regular"/></fontFace><fontSize><double>14</double></fontSize></a></ta></figures></drawing></JHotDraw&nbsp;7>