<PertDiagram><PertDiagram id="0"><figures><task y="50" x="10" id="1"><a><fillColor><color rgba="#ffccff66"/></fillColor></a><model><name><string>Start</string></name><duration><int>0</int></duration></model></task><task y="50" x="360" id="2"><a><fillColor><color rgba="#ffccff66"/></fillColor></a><model><name><string>End</string></name><duration><int>0</int></duration></model></task><task y="50" x="80" id="3"><model><name><string>Basement</string></name><duration><int>4</int></duration></model></task><task y="50" x="180" id="4"><model><name><string>Walls</string></name><duration><int>6</int></duration></model></task><task y="20" x="260" id="5"><model><name><string>Roof</string></name><duration><int>3</int></duration></model></task><task y="90" x="250" id="6"><model><name><string>Windows</string></name><duration><int>2</int></duration></model></task><dep id="7"><points><p c2x="0.5" c1y="0" y="80.3759765625" c2y="0" c1x="0.5" x="59.5"/><p c2x="-42" c1y="0" y="80.3759765625" c2y="0" c1x="-42" x="79.5"/></points><startConnector><rectConnector id="8"><owner><task ref="1"/></owner></rectConnector></startConnector><endConnector><rectConnector id="9"><owner><task ref="3"/></owner></rectConnector></endConnector><a><strokeWidth><double>1</double></strokeWidth><strokeColor><color rgba="#ff000099"/></strokeColor></a></dep><dep id="a"><points><p c2x="0.5" c1y="0" y="80.3759765625" c2y="0" c1x="0.5" x="163.5"/><p c2x="-27" c1y="0" y="80.3759765625" c2y="0" c1x="-27" x="179.5"/></points><startConnector><rectConnector id="b"><owner><task ref="3"/></owner></rectConnector></startConnector><endConnector><rectConnector id="c"><owner><task ref="4"/></owner></rectConnector></endConnector><a><strokeWidth><double>1</double></strokeWidth><strokeColor><color rgba="#ff000099"/></strokeColor></a></dep><dep id="d"><points><p c2x="0.5" c1y="-10.588235294117652" y="69.78774126838235" c2y="-10.588235294117652" c1x="0.5" x="233.5"/><p c2x="-23.5" c1y="9.215686274509807" y="59.59166283700981" c2y="9.215686274509807" c1x="-23.5" x="259.5"/></points><startConnector><rectConnector id="e"><owner><task ref="4"/></owner></rectConnector></startConnector><endConnector><rectConnector id="f"><owner><task ref="5"/></owner></rectConnector></endConnector><a><strokeWidth><double>1</double></strokeWidth><strokeColor><color rgba="#ff000099"/></strokeColor></a></dep><dep id="10"><points><p c2x="0.5" c1y="7.2307692307692335" y="57.60674579326923" c2y="7.2307692307692335" c1x="0.5" x="306.5"/><p c2x="-21" c1y="-6.461538461538453" y="73.91443810096155" c2y="-6.461538461538453" c1x="-21" x="359.5"/></points><startConnector><rectConnector id="11"><owner><task ref="5"/></owner></rectConnector></startConnector><endConnector><rectConnector id="12"><owner><task ref="2"/></owner></rectConnector></endConnector><a><strokeWidth><double>1</double></strokeWidth><strokeColor><color rgba="#ff000099"/></strokeColor></a></dep><dep id="13"><points><p c2x="0.5" c1y="13.090909090909093" y="93.4668856534091" c2y="13.090909090909093" c1x="0.5" x="233.5"/><p c2x="-39.5" c1y="-19.151515151515156" y="101.22446141098484" c2y="-19.151515151515156" c1x="-39.5" x="249.5"/></points><startConnector><rectConnector id="14"><owner><task ref="4"/></owner></rectConnector></startConnector><endConnector><rectConnector id="15"><owner><task ref="6"/></owner></rectConnector></endConnector><a><strokeWidth><double>1</double></strokeWidth><strokeColor><color rgba="#ff000099"/></strokeColor></a></dep><dep id="16"><points><p c2x="0.5" c1y="-17.267759562841533" y="103.10821699965847" c2y="-17.267759562841533" c1x="0.5" x="328.5"/><p c2x="-21" c1y="9.180327868852459" y="89.55630443135246" c2y="9.180327868852459" c1x="-21" x="359.5"/></points><startConnector><rectConnector id="17"><owner><task ref="6"/></owner></rectConnector></startConnector><endConnector><rectConnector id="18"><owner><task ref="2"/></owner></rectConnector></endConnector><a><strokeWidth><double>1</double></strokeWidth><strokeColor><color rgba="#ff000099"/></strokeColor></a></dep></figures></PertDiagram></PertDiagram>