<?xml version="1.0" encoding="UTF-8"?>
<project name="build-draw" default="all" basedir=".">
    <target name="init">
        <property name="libdir" value="lib"/>
        <property name="srcdir" value="src"/>
        <property name="builddir" value="build"/>
        <property name="destdir" value="${builddir}/classes"/>
        <property name="distdir" value="dist"/>
        <property name="author" value="Werner Randelshofer"/>
        <property name="version" value="0.5"/>
    </target>
    <target name="clean" depends="init">
        <delete dir="${destdir}" />
    </target>
    <target name="appletCompile" depends="init,clean">
        <mkdir dir="${destdir}"/>
        <javac
                destdir="${destdir}"
                srcdir="${srcdir}"
                debug="false"
                source="1.5"
                optimize="ttrue"
         >
            <classpath path="${libdir}/java_30.zip"/>
            <include name="org/jhotdraw/samples/draw/DrawApplet.java"/> 
            <include name="org/jhotdraw/samples/draw/DrawLiveConnectApplet.java"/> 
        </javac>
        <copy todir="${destdir}/org/jhotdraw/draw/images">
            <fileset dir="${srcdir}/org/jhotdraw/draw/images" />
        </copy>
        <copy todir="${destdir}/org/jhotdraw/draw/action/images">
            <fileset dir="${srcdir}/org/jhotdraw/draw/action/images" />
        </copy>
        <copy todir="${destdir}/org/jhotdraw/undo">
            <fileset dir="${srcdir}/org/jhotdraw/undo">
                <include name="*.properties"/>
            </fileset>
        </copy>
        <copy todir="${destdir}/org/jhotdraw/undo/images">
            <fileset dir="${srcdir}/org/jhotdraw/undo/images">
                <include name="*.png"/>
            </fileset>
        </copy>
        <copy todir="${destdir}/org/jhotdraw/draw">
            <fileset file="${srcdir}/org/jhotdraw/draw/Label*.properties"/>
        </copy>
        <copy todir="${destdir}/org/jhotdraw/app">
            <fileset file="${srcdir}/org/jhotdraw/app/Label*.properties"/>
        </copy>
    </target>
    <target name="appletJar" depends="init,appletCompile">
        <mkdir dir="${distdir}"/>
        <jar destfile="${distdir}/jhotdraw_draw.jar" basedir="${destdir}">
            <manifest>
                <attribute name="Built-By" value="${author}"/>
                <attribute name="Main-Class" value="org.jhotdraw.samples.draw.DrawApplet"/>
            </manifest>
        </jar>
        <exec executable="pack200">
            <arg value="${distdir}/jhotdraw_draw.jar.pack.gz"/>
            <arg value="${distdir}/jhotdraw_draw.jar"/>
        </exec>
    </target>
    <target name="appCompile" depends="init,clean">
        <mkdir dir="${destdir}"/>
        <javac
                destdir="${destdir}"
                srcdir="${srcdir}"
                debug="true"
                source="1.5"
         >
            <classpath path="${libdir}/quaqua.jar"/>
            <classpath path="${libdir}/MRJAdapter.jar"/>
            <classpath path="${libdir}/java_30.zip"/>
            <include name="org/jhotdraw/samples/draw/Main.java"/> 
            <include name="org/jhotdraw/samples/draw/DrawProject.java"/> 
        </javac>
        <copy todir="${destdir}/org/jhotdraw/app/action/images">
            <fileset dir="${srcdir}/org/jhotdraw/app/action/images" />
        </copy>
        <copy todir="${destdir}/org/jhotdraw/app">
            <fileset dir="${srcdir}/org/jhotdraw/app">
                <include name="*.properties"/>
            </fileset>
        </copy>
        <copy todir="${destdir}/org/jhotdraw/draw/images">
            <fileset dir="${srcdir}/org/jhotdraw/draw/images" />
        </copy>
        <copy todir="${destdir}/org/jhotdraw/draw/action/images">
            <fileset dir="${srcdir}/org/jhotdraw/draw/action/images" />
        </copy>
        <copy todir="${destdir}/org/jhotdraw/undo">
            <fileset dir="${srcdir}/org/jhotdraw/undo">
                <include name="*.properties"/>
            </fileset>
        </copy>
        <copy todir="${destdir}/org/jhotdraw/undo/images">
            <fileset dir="${srcdir}/org/jhotdraw/undo/images">
                <include name="*.png"/>
            </fileset>
        </copy>
        <copy todir="${destdir}/org/jhotdraw/draw">
            <fileset file="${srcdir}/org/jhotdraw/draw/Label*.properties"/>
        </copy> 
        <copy todir="${destdir}/org/jhotdraw/app">
            <fileset file="${srcdir}/org/jhotdraw/app/Label*.properties"/>
        </copy>
    </target>
    <target name="appJar" depends="init,appCompile">
        <jar destfile="${distdir}/JHotDraw Draw.jar" basedir="${destdir}">
            <manifest>
                <attribute name="Built-By" value="${author}"/>
                <attribute name="Main-Class" value="org.jhotdraw.samples.draw.Main"/>
                <attribute name="Class-Path" value="quaqua.jar lib/quaqua.jar MRJAdapter.jar lib/MRJAdapter.jar"/>
            </manifest>
        </jar>
    </target>
    <target name="appTest" depends="init">
        <java fork="true" jar="${distdir}/JHotDraw Draw.jar">
            <jvmarg value="-Dlocale=en"/>
            <jvmarg value="-Dapple.awt.graphics.UseQuartz=false"/>
        </java>
    </target>
    <target name="appletTest" depends="init">
        <java fork="true" jar="${distdir}/jhotdraw_draw.jar"/>
    </target>
    <target name="appletViewer" depends="init">
        <exec executable="appletviewer">
        <arg value="${builddir}/DrawLiveConnectApplet.html"/>
        </exec>
    </target>
</project>
