<?xml version="1.0" encoding="UTF-8"?>
<!--
  Licensed to the Apache Software Foundation (ASF) under one or more
  contributor license agreements.  See the NOTICE file distributed with
  this work for additional information regarding copyright ownership.
  The ASF licenses this file to You under the Apache License, Version 2.0
  (the "License"); you may not use this file except in compliance with
  the License.  You may obtain a copy of the License at

      http://www.apache.org/licenses/LICENSE-2.0

  Unless required by applicable law or agreed to in writing, software
  distributed under the License is distributed on an "AS IS" BASIS,
  WITHOUT WARRANTIES OR CONDITIONS OF ANY KIND, either express or implied.
  See the License for the specific language governing permissions and
  limitations under the License.
-->
<beans xmlns="http://www.springframework.org/schema/beans"
  xmlns:p="http://www.springframework.org/schema/p"
  xmlns:xsi="http://www.w3.org/2001/XMLSchema-instance"
  xsi:schemaLocation="http://www.springframework.org/schema/beans http://www.springframework.org/schema/beans/spring-beans-2.0.xsd">
  
  <!--+
      | An abstract CachingSource bean definition providing correct dependencies for most
      | usage scenarios. This avoid code duplication.
      +-->
  <bean name="org.apache.excalibur.source.SourceFactory/cached::abstract"
    class="org.apache.cocoon.components.source.impl.CachingSourceFactory"
    abstract="true">
    <property name="cache" ref="org.apache.cocoon.caching.Cache"/>
    <property name="sourceResolver" ref="org.apache.excalibur.source.SourceResolver"/>
    <property name="serviceManager" ref="org.apache.avalon.framework.service.ServiceManager"/>
    <property name="validityStrategy">
      <bean class="org.apache.cocoon.components.source.impl.ExpiresCachingSourceValidityStrategy"/>        
    </property>
  </bean>          

  <bean name="org.apache.excalibur.source.SourceFactory/cached"
    class="org.apache.cocoon.components.source.impl.CachingSourceFactory"
    parent="org.apache.excalibur.source.SourceFactory/cached::abstract"/>
    
  <bean name="org.apache.cocoon.components.source.helpers.DelaySourceRefresher"
    class="org.apache.cocoon.components.source.helpers.DelaySourceRefresher"
    init-method="init" 
    destroy-method="destroy">
    <property name="sourceResolver" ref="org.apache.excalibur.source.SourceResolver"/>
    <property name="serviceManager" ref="org.apache.avalon.framework.service.ServiceManager"/>    
    <property name="settings" ref="org.apache.cocoon.configuration.Settings"/>    
    <property name="runnableManager" ref="org.apache.cocoon.thread.RunnableManager"/>    
    <property name="avalonContext" ref="org.apache.avalon.framework.context.Context"/>
  </bean>       
  
  <bean name="org.apache.excalibur.source.SourceFactory/async-cached"
    class="org.apache.cocoon.components.source.impl.CachingSourceFactory"
    parent="org.apache.excalibur.source.SourceFactory/cached::abstract"
    p:async="true">
    <property name="sourceRefresher" ref="org.apache.cocoon.components.source.helpers.DelaySourceRefresher"/>
  </bean>
        
</beans>
